,t_from_discovery,veloc
0,0.0,-899.0913604820951
1,0.19697138266176087,9.979961644318506
2,0.3940266246323603,9.96408823435663
3,0.5907845176184706,9.951725852835674
4,0.7881413797475081,9.941018656123783
5,0.9845499985845452,9.930157425442912
6,1.1812741815266883,9.919532886698285
7,1.3779167451406233,9.909306413030738
8,1.5753480177215866,9.898676928962265
9,1.772008247576496,9.888199123832074
10,1.9688253772061257,9.87744777454917
11,2.165642506835755,9.866541167194383
12,2.362459636465385,9.85596162614692
13,2.5592767660950146,9.845648718248633
14,2.756093895724644,9.835130083262014
15,2.952911025354274,17.324975534177007
16,3.149430246311618,18.988218876065375
17,3.345824547077743,19.113102300189485
18,3.5428884989785563,17.801094457063446
19,3.7390875619052615,16.873621865274462
20,3.935964380718823,16.18880584963388
21,4.132403154850487,16.33730599157128
22,4.328849998512042,53.1378801254064
23,4.525633386038087,4740.007008761755
24,4.7226230856084594,5050.2125456834
25,4.919726967244497,5228.323719179854
26,5.1166454623442705,5348.359473155646
27,5.31331150929186,5429.312049132835
28,5.510775063160525,5487.756257647713
29,5.707425619359229,5533.311608430208
30,5.9039934507520035,5559.779014413449
31,6.1010314239223336,5587.2451645401425
32,6.297848553551963,5601.924746652629
33,6.4946656831815925,5612.989659815508
34,6.6914828128112225,5628.323613493351
35,6.8882999424408515,5641.406467211631
36,7.0851170720704815,5645.545778803525
37,7.281934201700111,5642.106246010322
38,7.4787513313297405,5650.18766421075
39,7.67556846095937,5650.905213342608
40,7.872385590589,5650.643433070895
41,8.069202720218628,5649.558529235585
42,8.26601984984826,5641.549891567322
43,8.462836979477888,5638.964488448621
44,8.658554572070482,5635.459122585348
45,8.855371701700111,5625.577664709211
46,9.05218883132974,5620.498006239992
47,9.249005960959371,5611.149394603835
48,9.445823090589,5606.326819369095
49,9.642640220218631,5595.846601765197
50,9.83945734984826,5591.2552437015165
51,10.036274479477889,5581.893196425229
52,10.23309160910752,5577.969771446583
53,10.429908738737149,5569.77690435609
54,10.626725868366776,5566.298864412281
55,10.823542997996409,5558.910001419354
56,11.020360127626038,5555.735508103613
57,11.217177257255665,5548.937331040662
58,11.413994386885298,5545.950069731888
59,11.610811516514927,5539.561389850786
60,11.807628646144554,5536.661375361641
61,12.004445775774187,5533.736125550093
62,12.201262905403814,5527.631554091076
63,12.396980497996408,5524.674566439965
64,12.593797627626037,5521.685784939207
65,12.790614757255666,5515.673327542256
66,12.987431886885297,5512.612983733964
67,13.184249016514926,5509.488054016585
68,13.381066146144555,5506.297608567353
69,13.577883275774186,5500.210099045321
70,13.774700405403815,5496.910470944099
71,13.971517535033444,5493.5429406569065
72,14.168334664663075,5490.108029603957
73,14.365151794292704,5486.606721412429
74,14.561968923922333,5480.296683702436
75,14.758786053551963,5476.676268990699
76,14.955603183181593,5472.991786834995
77,15.152420312811222,5469.244492835803
78,15.349237442440852,5462.724121341807
79,15.546054572070481,5458.859403927215
80,15.74287170170011,5452.230455213621
81,15.939688831329741,5448.249731033184
82,16.135406423922333,5441.5006358583205
83,16.332223553551962,5437.406267841716
84,16.52904068318159,5430.549687667052
85,16.72585781281122,5423.632582260074
86,16.922674942440853,5419.370514659464
87,17.119492072070482,5412.334443918052
88,17.31630920170011,5405.234026422357
89,17.51312633132974,5398.067712354209
90,17.70994346095937,5388.0821270574215
91,17.906760590589,5380.7711924176665
92,18.10357772021863,5373.392470334978
93,18.30039484984826,5365.945824691381
94,18.49721197947789,5355.627424604624
95,18.694029109107518,5345.210637659815
96,18.890846238737147,5334.6946663598
97,19.08766336836678,5324.079019170809
98,19.284480497996405,5313.3633405102955
99,19.481297627626038,5302.54734949352
100,19.678114757255667,5291.630840496265
101,19.87383234984826,5280.6098215613165
102,20.07064947947789,5266.529832564779
103,20.26746660910752,6184.567315534926
104,20.464283738737148,6185.862039217351
105,20.66110086836678,6187.18117593859
106,20.857917997996406,6188.486975863874
107,21.05473512762604,6149.646806078131
108,21.251552257255668,6150.6513283727845
109,21.448369386885297,6151.557098943471
110,21.645186516514926,6152.41043236451
111,21.84200364614456,6153.261266337957
112,22.038820775774184,6123.130440340775
113,22.235637905403816,6123.8876403425065
114,22.432455035033446,6124.591498107688
115,22.62927216466307,6100.092534770761
116,22.826089294292704,6100.60944746499
117,23.022906423922336,6101.088451530369
118,23.21972355355196,6080.2122379978055
119,23.416540683181594,6080.659077537944
120,23.612258275774185,6063.16129194481
121,23.809075405403814,6063.541392257078
122,24.005892535033446,6063.875309816701
123,24.20270966466307,6048.159188605598
124,24.3995267942927,6048.409439583082
125,24.59634392392233,6034.008711178789
126,24.793161053551962,6020.918379010188
127,24.989978183181588,6008.856435461278
128,25.18679531281122,5997.544302727223
129,25.38361244244085,5997.736278036136
130,25.58042957207048,5987.014736995306
131,25.777246701700108,5976.926257809717
132,25.97406383132974,5967.342910548683
133,26.170880960959366,5958.206316271228
134,26.367698090589,5940.931777891044
135,26.564515220218627,5932.844059585345
136,26.761332349848256,5924.9868015753445
137,26.958149479477886,5917.266000392087
138,27.154966609107518,5909.868558829318
139,27.35068420170011,5895.319475818566
140,27.54750133132974,5881.34140457543
141,27.744318460959366,5867.855290545131
142,27.941135590589,5841.753400828463
143,28.137952720218628,5822.575288781417
144,28.334769849848254,5809.89924511535
145,28.531586979477886,5797.381973510796
146,28.72840410910752,5778.874076594249
147,28.925221238737144,5760.944740130346
148,29.122038368366773,5755.222767664776
149,29.318855497996406,5738.5173918614055
150,29.51567262762603,5727.523197646735
151,29.712489757255664,5722.21769943525
152,29.909306886885297,5717.035155734889
153,30.106124016514922,5706.990992726989
154,30.30294114614455,5702.174921063123
155,30.499758275774184,5697.469972607086
156,30.69657540540381,5692.871842113606
157,30.893392535033442,5683.930901390945
158,31.089110127626032,5679.628801355699
159,31.285927257255665,5675.416696895019
160,31.482744386885294,5667.20067639823
161,31.679561516514923,5663.23518117966
162,31.876378646144552,5659.343981499679
163,32.07319577577418,5651.729525221889
164,32.27001290540381,5648.042035231525
165,32.46683003503344,5640.8066399329855
166,32.663647164663075,5633.792714437462
167,32.8604642942927,5630.380671782984
168,33.05728142392233,5623.657641740995
169,33.25409855355196,5617.10410442377
170,33.45091568318159,5613.902677319576
171,33.64773281281122,5607.571009841274
172,33.84454994244085,5601.368240020934
173,34.04136707207048,5592.260417527088
174,34.23818420170011,5586.322869878368
175,34.43500133132974,5580.47099184234
176,34.631818460959366,5574.694743650542
177,34.82753605355196,5566.139936058718
178,35.02435318318159,5560.517293530478
179,35.22117031281122,5552.160308274531
180,35.417987442440854,5543.894322975948
181,35.614804572070476,5535.70206856564
182,35.81162170170011,5527.568883419612
183,36.00843883132974,5519.482200282293
184,36.20525596095936,5511.431171517711
185,36.402073090589,5503.40643192124
186,36.59889022021862,5492.727011179737
187,36.79570734984826,5484.733822442575
188,36.992524479477886,5474.07299193424
189,37.189341609107515,5463.404539849055
190,37.38615873873715,5455.3958804131325
191,37.58297586836677,5444.687406897367
192,37.7797929979964,5433.942470716178
193,37.97661012762604,5423.152460476855
194,38.17342725725566,5412.310545920676
195,38.37024438688529,5401.411301299363
196,38.56596197947788,5390.450014175191
197,38.76277910910751,5379.422949952653
198,38.95959623873715,5368.326996557474
199,39.15641336836678,5357.159744924522
200,39.3532304979964,5345.919178216348
201,39.550047627626036,5334.603572835288
202,39.746864757255665,5326.06999434351
203,39.943681886885294,5314.619509120906
204,40.14049901651492,5303.09024701618
205,40.33731614614455,5291.481075512275
206,40.53413327577418,5279.790980031884
207,40.73095040540382,5268.019086518093
208,40.92776753503344,5256.164680231484
209,41.12458466466307,5247.222180555575
210,41.321401794292704,5235.222054153742
211,41.51821892392233,5223.138196755332
212,41.715036053551955,5210.970371826567
213,41.91185318318159,5201.791865567368
214,42.10867031281122,5189.47664690553
215,42.304387905403814,5177.076980297433
216,42.50120503503344,5167.724208320283
217,42.698022164663065,5155.176431345144
218,42.8948392942927,5145.71220782609
219,43.09165642392233,5133.015613796558
220,43.28847355355196,5123.439419889101
221,43.485290683181596,5110.593282515715
222,43.68210781281122,5100.904564662425
223,43.87892494244085,5087.908100105518
224,44.07574207207048,5078.106213038215
225,44.27255920170011,5068.255570637
226,44.469376331329734,5055.042613999699
227,44.66619346095937,5045.077645466789
228,44.863010590589,5031.711748502464
229,45.05982772021862,5021.631524351182
230,45.25664484984826,5011.501575317596
231,45.453461979477886,5001.321697303247
232,45.650279109107515,4987.668099694053
233,45.84709623873715,4977.3709002177
234,46.04281383132974,4967.022973586735
235,46.23963096095937,4953.144268996255
236,46.436448090588996,4942.677211029119
237,46.633265220218625,4932.158661564556
238,46.83008234984826,4921.588380445945
239,47.02689947947788,4910.966127660387
240,47.22371660910751,4896.7197995478
241,47.42053373873715,4885.9753856884945
242,47.61735086836678,4875.178207573163
243,47.8141679979964,4864.328032952771
244,48.010985127626036,4853.424632365579
245,48.207802257255665,4842.4677774539805
246,48.404619386885294,4827.77323243037
247,48.60143651651492,4816.690782689237
248,48.79825364614455,4805.554093693693
249,48.99507077577418,4794.362915420425
250,49.19188790540382,4783.116990848333
251,49.38870503503344,4768.035116781296
252,49.58552216466307,4756.660449866033
253,49.78123975725566,4745.230110516537
254,49.97805688688529,4733.74386945665
255,50.17487401651493,4718.339801466735
256,50.371691146144556,4706.7219114903255
257,50.56850827577418,4695.047043352617
258,50.765325405403814,4683.3148388133495
259,50.96214253503344,4671.524910509082
260,51.158959664663065,4659.676835396878
261,51.3557767942927,4647.77014726089
262,51.55259392392233,4635.804328319957
263,51.74941105355196,4627.7953636594975
264,51.946228183181596,4615.7296539609915
265,52.14304531281122,4607.653443789832
266,52.33986244244085,4599.549940689976
267,52.53667957207048,4587.340992194161
268,52.73349670170011,4579.168140126944
269,52.930313831329734,4570.967024454214
270,53.12713096095937,4562.737311433167
271,53.323948090589,4554.478638078796
272,53.51966568318159,4546.190588793324
273,53.71648281281122,4537.872777089233
274,53.913299942440844,4529.524716469149
275,54.11011707207048,4521.145902318593
276,54.30693420170011,4512.735788013262
277,54.50375133132974,4504.293782110426
278,54.70056846095937,4495.819245821529
279,54.897385590588996,4487.311490873285
280,55.094202720218625,4478.769777294693
281,55.29101984984826,4470.1933112879315
282,55.48783697947788,4461.581243334664
283,55.68465410910751,4452.932666593244
284,55.88147123873715,4444.246615642534
285,56.07828836836678,4435.522065478336
286,56.2751054979964,4426.7579313565975
287,56.471922627626036,4417.953068794125
288,56.668739757255665,4409.106274361733
289,56.865556886885294,4400.216287023586
290,57.06237401651492,4391.2817901474655
291,57.25809160910751,4382.301396577967
292,57.454908738737146,4373.2737226227655
293,57.651725868366775,4364.197285942341
294,57.848542997996404,4355.070581116515
295,58.04536012762604,4345.8920671006845
296,58.24217725725566,4336.660172930851
297,58.43899438688529,4327.3733037949705
298,58.63581151651493,4322.710238491056
299,58.832628646144556,4313.337868047738
300,59.02944577577418,4303.90647411006
301,59.226262905403814,4294.41442997059
302,59.42308003503344,4284.860114749011
303,59.619897164663065,4275.241919590787
304,59.8167142942927,4270.409790413571
305,60.01353142392233,4260.692788740125
306,60.21034855355196,4250.9079750175215
307,60.407165683181596,4241.053824560334
308,60.60398281281122,4236.101662974223
309,60.80079994244085,4226.140711819278
310,60.99651753503344,4216.106746751193
311,61.19333466466307,4205.998397455633
312,61.390151794292706,4200.9172421906915
313,61.58696892392233,4190.694738283532
314,61.78378605355196,4185.55574451629
315,61.98060318318159,4175.216135066249
316,62.17742031281122,4164.796873101357
317,62.374237442440844,4159.558292232749
318,62.57105457207048,4149.017226934757
319,62.76787170170011,4138.39345514791
320,62.96468883132974,4133.051461565809
321,63.16150596095937,4122.301341383663
322,63.358323090588996,4116.895493084665
323,63.555140220218625,4106.016367646232
324,63.75195734984826,4100.545304328209
325,63.94877447947788,4089.534429624944
326,64.14559160910751,4083.9968107430436
327,64.34240873873715,4072.851506000865
328,64.53922586836677,4067.24596134504
329,64.73494346095937,4055.9632846058853
330,64.931760590589,4050.2883603719756
331,65.12857772021863,4038.8654909401257
332,65.32539484984827,4033.1196487409725
333,65.52221197947789,4027.3498319928276
334,65.71902910910751,4015.7351391760253
335,65.91584623873715,4009.892290954464
336,66.11266336836678,3998.1298459106215
337,66.3094804979964,3992.2122635159158
338,66.50629762762604,3986.2693750357325
339,66.70311475725566,3974.304503728601
340,66.89993188688528,3968.2844447862644
341,67.09674901651492,3962.2382321288337
342,67.29356614614456,3950.0641829958454
343,67.49038327577418,3943.938228709514
344,67.68720040540381,3937.78524233388
345,67.88401753503344,3925.394876418417
346,68.08083466466307,3919.1593706932135
347,68.27765179429271,3912.89590859993
348,68.4733693868853,3906.6042016586157
349,68.67018651651493,3893.932810992457
350,68.86700364614455,3887.5549215203773
351,69.06382077577418,3881.1478183177446
352,69.26063790540381,3874.7112316135117
353,69.45745503503345,3861.746368226016
354,69.65427216466307,3855.219795422457
355,69.8510892942927,3848.662735987828
356,70.04790642392233,3842.0749477093823
357,70.24472355355196,3835.4561859928563
358,70.44154068318159,3822.122629207066
359,70.63835781281122,3815.409606770307
360,70.83517494244084,3808.664655270293
361,71.03199207207048,3801.887518283418
362,71.2288092017001,3795.0780180211177
363,71.42562633132974,3788.2358965281696
364,71.62244346095937,3774.45077444766
365,71.819260590589,3767.5095380886446
366,72.01607772021862,3760.534811625491
367,72.21179531281122,3753.5263677265243
368,72.40861244244084,3746.484035057712
369,72.60542957207048,3739.4076112558064
370,72.80224670170011,3732.296901080311
371,72.99906383132975,3725.1517241486285
372,73.19588096095936,3717.9718850365944
373,73.392698090589,3710.7571864391007
374,73.58951522021863,3703.507473820282
375,73.78633234984825,3696.222574253175
376,73.98314947947789,3681.544342333256
377,74.17996660910752,3674.1528577738586
378,74.37678373873715,3666.7255100043853
379,74.57360086836678,3659.2621596715267
380,74.7704179979964,3651.7626336502726
381,74.96723512762603,3644.2268055313994
382,75.16405225725566,3636.654536855052
383,75.3608693868853,3629.0456635779383
384,75.55768651651492,3621.40008878138
385,75.75450364614456,3621.402191060461
386,75.95022123873714,3613.7197645659658
387,76.14703836836678,3606.000329685045
388,76.34385549799642,3598.243738686013
389,76.54067262762602,3590.4499081923827
390,76.73748975725566,3582.6187016312024
391,76.9343068868853,3574.7499996535166
392,77.13112401651492,3566.8436819378085
393,77.32794114614455,3558.8995964762903
394,77.52475827577419,3550.9176345422707
395,77.72157540540381,3542.897695595404
396,77.91839253503345,3534.8396365413387
397,78.11520966466308,3534.841705144086
398,78.31208594348153,3526.745397221289
399,78.50821814007483,3518.610754287128
400,78.70547242351643,3510.437643143214
401,78.90228955314606,3502.2258902784247
402,79.09910668277568,3493.9754458543066
403,79.29592381240532,3485.686180891062
404,79.49274094203496,3485.6882332348882
405,79.68955807166456,3477.3599442209606
406,79.8863752012942,3468.9925219946394
407,80.08220054167019,3460.5858738025795
408,80.27972079015888,3452.1398990751227
409,80.47581343462544,3452.141933098568
410,80.67309085935352,3443.656417588968
411,80.86990798898316,3435.1312483543697
412,81.0667251186128,3426.5663279888813
413,81.26354224824242,3417.9615033904133
414,81.46035937787205,3417.963535397003
415,81.65717650750169,3409.318676287555
416,81.85366056638492,3400.6335984928814
417,82.05000680713322,3391.908164858481
418,82.24718233065393,3383.1422684203003
419,82.44400656089583,3383.144291760042
420,82.64034244420456,3374.337745819884
421,82.8371499816232,3365.4903829932923
422,83.03396711125282,3356.6020568807335
423,83.23078424088244,3356.604073374121
424,83.42760137051208,3347.6745810842262
425,83.62448300648964,3338.7037203261575
426,83.82072660223936,3329.6913004227063
427,84.01817150121332,3329.6933170616358
428,84.21480109556903,3320.6391685997582
429,84.41148141898708,3311.543045205544
430,84.60773365829685,3311.545044011199
431,84.80438233571601,3302.40672059818
432,85.00119946534562,3293.225970509566
433,85.19801659497526,3284.0024897902204
434,85.3947952116595,3284.0044885362317
435,85.59190684590564,3274.738020584178
436,85.78873465158779,3265.4282786260874
437,85.98504828238538,3265.4302676930483
438,86.18164479432535,3256.076966330259
439,86.37855705827499,3246.67972902193
440,86.57537918803918,3246.681718224216
441,86.7726824776176,3237.2402262101887
442,86.9694996072472,3227.7540410223523
443,87.16627968508315,3227.756025578558
444,87.36255285568407,3218.2247950755705
445,87.5590894882073,3208.648085515134
446,87.75620805584201,3199.025415878174
447,87.95317574957308,3199.027397360778
448,88.1497545380085,3189.3583424577846
449,88.34602790937177,3189.3603126427297
450,88.54333279963335,3179.6443578292956
451,88.73997936512507,3169.88090665055
452,88.93703826275171,3169.882880849497
453,89.13377521361873,3160.0713992712745
454,89.32984217863894,3150.2112120861975
455,89.52730719818608,3150.2131862801552
456,89.72372683550331,3140.3036222778837
457,89.91997873104484,3130.343977676076
458,90.11729066960244,3130.3459461515076
459,90.31420266925997,3120.3353777797893
460,90.51080249655631,3110.273086782818
461,90.70735778189506,3110.2750441669077
462,90.9038870017325,3100.160096391795
463,91.10112310341832,3100.162056763125
464,91.2981383723044,3089.99344485915
465,91.4946547615202,3079.7700518877036
466,91.69142323418546,3079.7720037634645
467,91.88845675216284,3069.492749468343
468,92.08529816817016,3059.156309751582
469,92.28176956022062,3059.1582554463694
470,92.47845012862082,3048.76335457791
471,92.67522268580817,3048.765299930984
472,92.87223558160773,3038.310510098924
473,93.06878029530812,3027.794484525803
474,93.26483301666255,3027.7964201670184
475,93.46176752981549,3017.2178947320804
476,93.65910143377073,3017.219839658835
477,93.85526917846762,3006.5779414652516
478,94.05270572936867,2995.87181525346
479,94.24932769810648,2995.8737516327665
480,94.4459982821176,2985.1020079022146
481,94.64249938922445,2985.103939902362
482,94.83940283041268,2974.2632317785315
483,95.03606427381078,2963.3478165877673
484,95.23269332087251,2963.3497457451244
485,95.42990393081429,2952.3547914174464
486,95.6267854929778,2952.356722047508
487,95.82338808390999,2941.2903168521716
488,96.01989524827691,2930.196352814355
489,96.21720173624104,2930.1983296229664
490,96.41384244890914,2930.2002956158676
491,96.61000567692757,2919.186116329467
492,96.80643468925477,2919.188133631691
493,97.00391287473549,2919.1901572026427
494,97.20050290625097,2908.4272831275007
495,97.397478790537,2908.429368678905
496,97.59444370382327,2908.431449611603
497,97.79086685781832,2908.433520375075
498,97.98768849450357,2898.0870595056153
499,98.18427957650002,2898.0891814626775
500,98.38135419639538,2898.091303925926
501,98.57752677368046,2898.0934118976866
502,98.7742665346221,2898.095521217478
503,98.97140940709393,2888.227109017377
504,99.16786067515044,2888.2292341214174
505,99.3644115839286,2888.231355689952
506,99.56173304077453,2888.233480976385
507,99.7579697225598,2888.235590162332
508,99.95521719570284,2878.824902117914
509,100.15210805791172,2878.8270232705054
510,100.34881500115416,2878.829137816524
511,100.54491892658454,2878.8312412259434
512,100.74193966974595,2878.833349868364
513,100.93901302940775,2869.8458301668825
514,101.1353612373645,2869.8479299115706
515,101.33266722516754,2869.850035510347
516,101.52916168457847,2869.8521281699386
517,101.72594396216938,2861.2530217683193
518,101.9224786461321,2861.255111221486
519,102.119610590556,2861.257202665208
520,102.31596303972343,2861.2592815085072
521,102.51302996665564,2861.2613635325656
522,102.7100387742316,2853.0213902405903
523,102.9063389405768,2853.0234594079066
524,103.1036659743078,2853.0255352951763
525,103.30030939863835,2853.027599902887
526,103.49644699318327,2853.0296552455056
527,103.69327235470757,2845.124134767529
528,103.88983899837206,2845.12618918009
529,104.087227375394,2845.128248074023
530,104.28359921747303,2845.13029235552
531,104.4806748885404,2845.1323400978727
532,104.67702275469009,2837.540747498943
533,104.87436084257438,2837.542791653198
534,105.07100974760962,2837.544825002655
535,105.26715176896475,2837.546849442802
536,105.4639849084835,2837.5488773153315
537,105.66061262370883,2830.253459240529
538,105.85731276270566,2830.255477083501
539,106.05468903968764,2830.257498229745
540,106.25110365526331,2830.2595059038326
541,106.44843561358769,2830.2615194489003
542,106.64485499657673,2823.245545549575
543,106.84131268788431,2823.2475386288615
544,107.03800486667508,2823.2495307405206
545,107.2353240126426,2823.251525903949
546,107.43174642117165,2823.2535086454086
547,107.62846587077865,2816.4995929740944
548,107.82524419500314,2816.5015636071366
549,108.02193096408952,2816.503529974718
550,108.218535454203,2816.5054922712484
551,108.415683238448,2816.5074568770697
552,108.61252609656043,2809.996521446107
553,108.80932622856344,2809.998463517054
554,109.00590326656807,2810.0004002711376
555,109.20263364394714,2810.002335322171
556,109.39925622950811,2810.0042661642565
557,109.59629148270703,2803.715753317208
558,109.79252614470775,2803.717657869526
559,109.98928213798908,2803.7195643610544
560,110.18612526890446,2803.7214686472757
561,110.38299349403968,2803.7233701289524
562,110.58026689726962,2797.635958105177
563,110.77649547741788,2797.6378289598842
564,110.97324962721528,2797.63970160584
565,111.17049361614416,2797.6415757163295
566,111.36711312408518,2791.7343176429936
567,111.56385440591858,2791.7361610214216
568,111.76078337330983,2791.738003070507
569,111.95713145976694,2791.7398365547783
570,112.15361125243047,2791.741668138992
571,112.35085370784016,2785.994686018425
572,112.54713823623484,2785.9964893129613
573,112.74450361616005,2785.9982992022315
574,112.94092672167656,2786.000097178626
575,113.13735913168411,2780.395135599924
576,113.33477672205066,2780.3969160198626
577,113.53105960735694,2780.3986828217276
578,113.72832552963831,2774.9194511530454
579,113.92481178314443,2774.9211938543967
580,114.12159483480616,2774.9229357046843
581,114.3184466986897,2774.924674577509
582,114.51497543561642,2769.5566915884992
583,114.71165486400037,2769.5584034044364
584,114.90829058923113,2769.56011112421
585,115.10504180021948,2764.290930074156
586,115.30228493146203,2764.292618368049
587,115.49857598072059,2764.294294808905
588,115.69549804403324,2764.2959729196878
589,115.89235798328015,2759.1148079351838
590,116.08905757678168,2759.116459946113
591,116.2858678691577,2759.118108818462
592,116.48259995760026,2754.0156718704775
593,116.67914424126577,2754.0172949773164
594,116.8762462519597,2754.018918625898
595,117.07278258806878,2748.987265187719
596,117.2694349432828,2748.9888622433336
597,117.46652022853577,2748.990458654045
598,117.66346146768736,2744.022670281162
599,117.85966636486502,2744.0242370210217
600,118.0566880324951,2739.114217517762
601,118.25342337265396,2739.115766226928
602,118.45032862592639,2739.117311788843
603,118.64713079492154,2734.259687089668
604,118.84362062927653,2734.26120768621
605,119.04041080293176,2729.4511832054145
606,119.23690892451066,2729.452682582083
607,119.4335869159834,2729.4541786488358
608,119.63073902104168,2724.6873871181
609,119.8274052624936,2724.688861869555
610,120.02409901499028,2719.9614353467823
611,120.22093477602142,2719.96289051629
612,120.41744941173806,2715.2712936501857
613,120.61452020089692,2715.2727303892902
614,120.81141250625375,2710.6137409794565
615,121.0083692958316,2710.6151570343322
616,121.20476391608051,2710.6165641209323
617,121.40167797058976,2705.9873269467703
618,121.59817429213052,2705.988715149373
619,121.79538237881712,2701.386622214136
620,121.99158581902448,2701.387989360639
621,122.18854055497135,2696.8106116777385
622,122.38540761269718,2696.811964874571
623,122.58193422895312,2692.2571921328718
624,122.77858290884114,2687.7230768898335
625,122.97566286143118,2687.724400193741
626,123.17264623520212,2683.209090282233
627,123.36899637098523,2683.2103910499072
628,123.56557916087375,2678.7122870379385
629,123.76269140856542,2678.713575569017
630,123.95934991239504,2674.2311428082407
631,124.15623844390412,2674.232412837802
632,124.35297338395839,2669.764154643757
633,124.54948555428058,2669.765405347866
634,124.74614376057086,2665.3099901326686
635,124.94331144949145,2660.8661848451884
636,125.13994692524169,2660.8674081266595
637,125.33675382667874,2656.43401492676
638,125.53330621665678,2656.4352212663175
639,125.7305703988584,2652.0110925301306
640,125.9272120397009,2647.595268498942
641,126.1235150015736,2647.596446136863
642,126.32081558595789,2643.1879724898636
643,126.5171839819471,2638.7859228862367
644,126.71434084559172,2638.7870782833606
645,126.91068837835687,2634.3906894910306
646,127.10768882893129,2629.9992829722214
647,127.30450085291912,2625.612196223441
648,127.5012571323202,2625.6133117210916
649,127.69765199343281,2621.229907055004
650,127.89443824217052,2616.8497503850735
651,128.09131913600274,2612.472438428643
652,128.28799693173016,2612.4735160452146
653,128.48467061074365,2608.098615620531
654,128.68142318036652,2603.725721966616
655,128.87864122073356,2599.354594246039
656,129.07527684190916,2594.985022510836
657,129.2722352190379,2590.6167553259484
658,129.4686904705502,2586.2494998632505
659,129.66567075636928,2581.8831020360262
660,129.8623838903286,2581.88410269982
661,130.05856690863723,2577.518407718181
662,130.25566984151394,2573.153210305656
663,130.45222059608457,2568.7882279490273
664,130.64922445024098,2564.4233268720695
665,130.8456913194366,2560.0583733466033
666,131.04265838358242,2555.6931411655873
667,131.2393731249049,2551.3273133685375
668,131.4361156767832,2542.592385039001
669,131.63264397889802,2538.223823739927
670,131.82987508321105,2533.85383954281
671,132.0264395857561,2529.482264267811
672,132.22309597086044,2525.1089022612946
673,132.41974491749508,2520.7336393422456
674,132.61722144846672,2516.356235070849
675,132.8138110517877,2511.9764096103263
676,133.01020700011432,2507.5940514713384
677,133.20700581609137,2498.820400650292
678,133.40402242227003,2494.429671826121
679,133.60024128277726,2490.035747252207
680,133.79766021668266,2485.6385587552677
681,133.994018467794,2481.237956784817
682,134.19074081102835,2472.4253951896835
683,134.38798742799497,2468.0136892624278
684,134.5845246222171,2463.59789670095
685,134.78103963222316,2459.1778082021983
686,134.9781829176974,2450.3234118635364
687,135.1745782549531,2445.889126676494
688,135.37160050299568,2441.4495645542997
689,135.56851973353258,2432.5527124550595
690,135.76493186148,2428.0957374640716
691,135.96143356055597,2419.161515515756
692,136.15895869107476,2414.6844220857897
693,136.35508875119623,2405.707577461716
694,136.5517959543342,2401.208250893686
695,136.74853812615171,2392.184843669886
696,136.9454995040753,2387.6609568874496
697,137.14209225039716,2378.586520717248
698,137.33877512673547,2374.0363972365785
699,137.53591237062216,2364.907120427878
700,137.73284696820483,2360.3279659123505
701,137.92954973668884,2351.1375208482564
702,138.12581215503198,2346.5263832385263
703,138.32295575110933,2341.9037103845876
704,138.51957009165017,2332.6208066502804
705,138.71623537533,2327.96046404791
706,138.91297046611967,2323.2866541520457
707,139.10995796162038,2313.896988979443
708,139.306464027939,2309.181191512822
709,139.50326664098316,2304.4503691237096
710,139.70063168410147,2294.942507607129
711,139.89663939076192,2290.1650558990837
712,140.09402331523847,2285.370982400802
713,140.29086095026668,2280.5596190088845
714,140.48700923225383,2275.7310232782493
715,140.68399678486534,2266.017142362339
716,140.8811902574413,2261.13079306019
717,141.07798796204992,2256.2236779369364
718,141.27441135978935,2251.2949236137133
719,141.47153503246835,2246.3436917466465
720,141.66828594241233,2241.369011786009
721,141.86476404387477,2236.3710064836164
722,142.06175265487076,2231.3485679311616
723,142.25830403515127,2226.300360351867
724,142.4551741385656,2221.226245027345
725,142.6519126804099,2216.1252732264475
726,142.84868645736537,2205.8387096053293
727,143.04578294067974,2200.6514049727843
728,143.242083072774,2195.434261364001
729,143.43925486075213,2190.1857710718255
730,143.63538308272754,2184.904220322729
731,143.83206343292272,2179.589015073908
732,144.02894293536508,2174.2389573947685
733,144.2257725335164,2174.239438771741
734,144.42229156451774,2168.8532284440516
735,144.6197136419413,2163.4297026203653
736,144.81659455969728,2157.967403129522
737,145.01271002096613,2152.465171001177
738,145.2097749047716,2146.923056852636
739,145.40665422337943,2141.339442950659
740,145.60332320650127,2135.7124223810615
741,145.80026796147683,2130.0418051004194
742,145.99666995250797,2124.326277647154
743,146.19376056171322,2118.5644820128405
744,146.39086184737903,2118.564945368958
745,146.58677709658613,2112.7558817503686
746,146.7840552754668,2106.8982812967556
747,146.98096151751065,2100.9908104243445
748,147.1775757290184,2095.032030380284
749,147.3745592848459,2089.0224767623613
750,147.5709395602295,2089.022930967726
751,147.76758348963594,2082.961665776073
752,147.96488092280097,2076.8468001499286
753,148.16141154011407,2070.6786547001825
754,148.35803691826635,2064.456111019664
755,148.55441243135476,2064.4565606982246
756,148.75122956098443,2058.1788259388686
757,148.94804669061404,2051.845562014918
758,149.14486382024367,2045.4563522672731
759,149.3416809498733,2045.456797658704
760,149.53849807950292,2039.0114798975976
761,149.73574851285392,2032.5098552309723
762,149.9324106418299,2025.9515439761512
763,150.12885446528838,2025.951983043292
764,150.32602319003985,2019.33828383085
765,150.52223418098774,2012.6700671303277
766,150.71920658756636,2005.9465071565323
767,150.91554365436647,2005.9469438764363
768,151.1126474281114,1999.1691589501743
769,151.30979096428203,1992.3374327015708
770,151.5066080939117,1992.3378652004785
771,151.7034252235413,1985.4525924257289
772,151.9002423531709,1978.5146080286854
773,152.09705948280057,1978.5150353900412
774,152.29277707539313,1971.5254472815534
775,152.4895942050228,1964.485193362455
776,152.6864113346524,1964.4856154807442
777,152.88322846428204,1957.3955618536422
778,153.08004559391168,1957.395979745438
779,153.2768627235413,1950.256959606748
780,153.47367985317092,1943.0695390011326
781,153.67041810897877,1943.0699506059254
782,153.86706856148453,1935.8350542929188
783,154.06440356628855,1935.835463280938
784,154.2606598071866,1928.5551113217412
785,154.45747693681625,1928.5555151337821
786,154.65429406644586,1921.2306809278514
787,154.85111119607552,1913.8625632622807
788,155.04792832570513,1913.862960150882
789,155.24474545533474,1906.4519707238462
790,155.4415625849644,1906.452362575639
791,155.638379714594,1898.9983152880038
792,155.83519684422365,1898.9987019906182
793,156.03201397385328,1891.50104349254
794,156.22883110348292,1891.5014249808862
795,156.42564823311253,1883.9595075945415
796,156.62246536274216,1883.959883921057
797,156.8192824923718,1876.37331797384
798,157.01500008496438,1876.373687318802
799,157.21181721459402,1868.742903044035
800,157.40863434422363,1861.0694125184455
801,157.6054514738533,1861.0697773882712
802,157.8022686034829,1853.355832766626
803,157.99908573311254,1853.3561937728655
804,158.19590286274217,1845.604526608927
805,158.39271999237178,1845.6048841325278
806,158.58953712200142,1837.8188434492465
807,158.78635425163105,1837.8191982446706
808,158.9831713812607,1837.8195511315214
809,159.1799885108903,1830.005036046618
810,159.37680564051996,1830.0053863506225
811,159.57362277014957,1822.166119363842
812,159.77043989977918,1822.1664668837507
813,159.96725702940884,1814.306196358145
814,160.16407415903845,1814.3065412722408
815,160.36089128866809,1806.429640368841
816,160.55770841829772,1806.4299826926492
817,160.7534260108903,1798.5411490863971
818,160.95024314051994,1798.541488826582
819,161.14706027014958,1790.6454631558142
820,161.3438773997792,1790.6458002968575
821,161.54069452940885,1790.646135699535
822,161.73751165903846,1782.7477006974516
823,161.93432878866807,1782.7480335294845
824,162.13114591829773,1774.8519724025687
825,162.32796304792734,1774.8523027071817
826,162.52478017755698,1766.963639899051
827,162.7215973071866,1766.9639676107333
828,162.91841443681625,1766.9642936958523
829,163.11523156644586,1759.0888012324579
830,163.31204869607552,1759.0891242534171
831,163.50886582570513,1751.2321328879289
832,163.70568295533474,1751.2324518391963
833,163.9025000849644,1743.3972052854826
834,164.099317214594,1743.3975184377261
835,164.29613434422365,1743.3978300830697
836,164.49185193681623,1735.583435067845
837,164.68866906644587,1735.5837388372709
838,164.8854861960755,1727.7835231924973
839,165.08230332570514,1727.7838165418682
840,165.27912045533475,1719.9836708655123
841,165.47593758496438,1719.9839539752882
842,165.67275471459402,1719.9842357365394
843,165.86957184422363,1712.174943313927
844,166.0663889738533,1712.1752129459535
845,166.2632061034829,1704.333433856457
846,166.46002323311254,1704.3336892756845
847,166.65684036274217,1696.4284721173692
848,166.85365749237178,1688.4234731741133
849,167.05047462200142,1688.4236995178117
850,167.24729175163105,1680.2749941467955
851,167.4441088812607,1671.9320188129414
852,167.6409260108903,1671.9322189309912
853,167.83774314051996,1663.338417984405
854,168.03456027014957,1654.4396752162943
855,168.23027786274218,1645.1784467106656
856,168.4270949923718,1635.4938380408955
857,168.6239121220014,1614.6231677245535
858,168.82072925163106,1603.3300540833973
859,169.01754638126067,1578.7575697445566
860,169.2143635108903,1565.375368519569
861,169.41118064051994,1551.1703673969532
862,169.60799777014958,1536.1834062778405
863,169.8048148997792,1520.344836243378
864,170.00163202940885,1503.5868122858185
865,170.19844915903846,1503.587043003404
866,170.39526628866807,1485.873635241443
867,170.59208341829773,1485.8738738392742
868,170.78890054792734,1467.16427039615
869,170.98571767755698,1447.406509834799
870,171.1825348071866,1447.4067670078746
871,171.37935193681625,1426.5433742640516
872,171.57616906644586,1426.543641134676
873,171.77298619607552,1404.4959546812036
874,171.96870378866808,1404.4962302655704
875,172.16552091829772,1404.496505991293
876,172.36233804792735,1381.169763657436
877,172.55915517755696,1381.1700495100883
878,172.75597230718662,1356.4088568983752
879,172.95278943681623,1356.409154367894
880,173.14960656644587,1356.4094503343822
881,173.3464236960755,1330.0398747218176
882,173.54324082570514,1330.0401838899672
883,173.74005795533475,1330.0404915181864
884,173.93687508496438,1301.8373620969262
885,174.13369221459402,1301.8376871572177
886,174.33050934422363,1301.8380106130971
887,174.5273264738533,1271.8380842305814
888,174.7241436034829,1271.8384294218883
889,174.92096073311254,1271.8387729271033
890,175.11777786274217,1271.839114753608
891,175.31459499237178,1240.6525438726135
892,175.51141212200142,1240.652910600943
893,175.707129714594,1240.6532735283545
894,175.90394684422364,1240.6536367455203
895,176.10076397385328,1208.296968100983
896,176.2975811034829,1208.2973596083573
897,176.49439823311252,1208.297749256035
898,176.69121536274218,1208.2981370567736
899,176.8880324923718,1208.2985230212096
900,177.0848496220014,1174.8647891817222
901,177.28166675163106,1174.8652086220263
902,177.47848388126067,1174.8656261016563
903,177.6753010108903,1174.8660416376363
904,177.87211814051994,1174.8664552390335
905,178.06893527014958,1174.8668669170945
906,178.2657523997792,1140.4728091857337
907,178.46256952940885,1140.473259388135
908,178.65938665903846,1140.473707528922
909,178.85620378866807,1140.4741536182532
910,179.05302091829773,1140.474597669353
911,179.24983804792734,1140.4750396985633
912,179.44555564051996,1140.4754772660176
913,179.64237277014956,1105.34335821315
914,179.8391898997792,1105.3438413067236
915,180.03600702940884,1105.3443222221479
916,180.23282415903847,1105.3448009742062
917,180.42964128866808,1105.3452775809615
918,180.62645841829772,1105.3457520603558
919,180.82327554792735,1105.3462244229925
920,181.02009267755696,1105.3466946832004
921,181.21690980718662,1069.7202209324614
922,181.41372693681623,1069.72074363494
923,181.61054406644587,1069.7212640430791
924,181.8073611960755,1069.7217821710626
925,182.00417832570514,1069.722298035444
926,182.20099545533475,1069.7228116449583
927,182.39781258496438,1069.7233230127563
928,182.59462971459402,1069.723832153367
929,182.79144684422363,1069.7243390813014
930,182.9882639738533,1034.2791353917398
931,183.18398156644585,1034.2796707057125
932,183.38079869607552,1034.2802067024368
933,183.57761582570512,1034.2807403826293
934,183.77443295533476,1034.2812717621173
935,183.9712500849644,1034.281800853771
936,184.168067214594,1034.2823276687266
937,184.36488434422364,1034.2828522218579
938,184.56170147385328,1034.2833745264718
939,184.7585186034829,997.9168887851781
940,184.95533573311252,997.9174330432912
941,185.15215286274218,997.9179749575547
942,185.3489699923718,997.9185145432054
943,185.5457871220014,997.9190518128833
944,185.74260425163106,997.9195867809512
945,185.93942138126067,997.9201194629306
946,186.1362385108903,997.9206498711832
947,186.33305564051994,997.9211780205939
948,186.52987277014958,959.8740359881739
949,186.7266898997792,959.8746060770103
950,186.9224074923718,959.8751705612286
951,187.1192246220014,959.8757357967651
952,187.31604175163108,959.8762986207997
953,187.51285888126068,959.8768590486623
954,187.7096760108903,959.8774170941416
955,187.90649314051996,959.8779727724934
956,188.10331027014956,918.3784825915583
957,188.3001273997792,918.3790858955183
958,188.49694452940884,918.3796866193327
959,188.69376165903847,918.3802847758443
960,188.89057878866808,918.3808803807857
961,189.08739591829772,869.5308766821571
962,189.28421304792735,869.531570957934
963,189.48103017755696,869.5322623146237
964,189.67784730718662,869.5329507700247
965,189.87466443681623,869.5336363416711
966,190.07148156644587,869.5343190451829
967,190.2682986960755,869.5349988971716
968,190.46511582570514,812.7219409451053
969,190.66083341829773,812.7230964759452
970,190.85765054792734,812.7242543371839
971,191.05446767755697,812.7254080457892
972,191.2512848071866,812.7265576277712
973,191.44810193681624,812.727703102197
974,191.64491906644585,812.7288444883095
975,191.84173619607552,812.7299818095321
976,192.03855332570512,812.731115088479
977,192.23537045533476,812.7322443422256
978,192.4321875849644,812.733369592775
979,192.629004714594,812.7344908609671
980,192.82582184422364,812.7356081680673
981,193.02263897385328,812.7367215350458
982,193.2194561034829,812.7378309810232
983,193.41627323311252,812.7389365267328
984,193.61309036274218,812.74003818825
985,193.8099074923718,812.7411359880952
986,194.0067246220014,812.7422299466194
987,194.20354175163106,812.7433200806446
988,194.39925934422362,812.7444003531734
989,194.5960764738533,812.7454829235428
990,194.7928936034829,812.7465617263995
991,194.98971073311253,812.7476367801843
992,195.18652786274217,812.7487081059589
993,195.3833449923718,812.7497757192833
994,195.5801621220014,812.7508396395319
995,195.77697925163108,812.7518998852609
996,195.97379638126068,812.7529564746332
997,196.1706135108903,812.7540094253827
998,196.36743064051996,812.7550587533254
999,196.56424777014956,812.7561044783131
1000,196.75925925925927,812.7571389381968
